<faces-config xmlns="http://java.sun.com/xml/ns/javaee"
              xmlns:xsi="http://www.w3.org/2001/XMLSchema-instance"
              xsi:schemaLocation="http://java.sun.com/xml/ns/javaee http://java.sun.com/xml/ns/javaee/web-facesconfig_2_0.xsd"
              version="2.0">

    <application>
        <resource-bundle>
            <base-name>i18n</base-name>
            <var>bundle</var>
        </resource-bundle>
        <locale-config>
            <default-locale>en</default-locale>
            <supported-locale>de</supported-locale>
        </locale-config>

    </application>
</faces-config>