{
    "id": "elk",
    "mem": 3048.0,
    "cpus": 0.2,
    "env" : {
        "MAX_MAP_COUNT": "262144"
    },
    "instances": 1,
    "container": {
        "type": "DOCKER",
        "docker": {
            "image": "sebp/elk:es500_l500_k500",
            "network": "BRIDGE",
            "portMappings": [
                {
                    "containerPort": 5601,
                    "hostPort": 5601,
                    "protocol": "tcp"
                },
                {
                    "containerPort": 9200,
                    "hostPort": 9200,
                    "protocol": "tcp"
                },
                {
                    "containerPort": 5044,
                    "hostPort": 5044,
                    "protocol": "tcp"
                }
            ],
            "privileged": true
        }
    }
}
