{
    "id": "etcd",
    "mem": 256.0,
    "cpus": 0.2,
    "env" : {
    },
    "instances": 1,
    "container": {
        "type": "DOCKER",
        "docker": {
            "image": "elcolio/etcd:2.0.10",
            "network": "BRIDGE",
            "portMappings": [
                {
                    "containerPort": 2379,
                    "hostPort": 2379,
                    "protocol": "tcp"
                },
                {
                    "containerPort": 2380,
                    "hostPort": 2380,
                    "protocol": "tcp"
                },
                {
                    "containerPort": 4001,
                    "hostPort": 4001,
                    "protocol": "tcp"
                },
                {
                    "containerPort": 7001,
                    "hostPort": 7001,
                    "protocol": "tcp"
                }
            ],
            "privileged": true
        },
        "volumes": [
            {
                "containerPath": "/data",
                "hostPath": "${project.build.directory}/persistence/etcd",
                "mode": "RW"
            }
        ]
    }
}
