{
    "id": "mycontainer8g",
    "mem": 800.0,
    "cpus": 0.4,
    "env" : {
        "JAVA_OPTIONS" : "-Xmx300m",
        "MM_UID": "${mm.uid}",
        "MM_GID": "${mm.gid}"
    },
    "instances": 1,
    "container": {
        "type": "DOCKER",
        "docker": {
            "image": "rafabene/java-container:openjdk-env",
            "network": "BRIDGE",
            "portMappings": [
                {
                    "containerPort": 8080,
                    "hostPort": ${mm.service.port},
                    "protocol": "tcp"
                }
            ],
            "privileged": true
        },
        "volumes": [
            {
                "containerPath": "/persistence",
                "hostPath": "${project.build.directory}/persistence",
                "mode": "RW"
            }
        ]
    }
}
