{
    "id": "nginx",
    "mem": 256.0,
    "cpus": 0.2,
    "env" : {
    },
    "instances": 1,
    "container": {
        "type": "DOCKER",
        "docker": {
            "image": "nginx:stable-alpine",
            "network": "BRIDGE",
            "portMappings": [
                {
                    "containerPort": 80,
                    "hostPort": ${mm.lb.port},
                    "protocol": "tcp"
                }
            ],
            "privileged": true
        },
        "volumes": [
            {
                "containerPath": "/etc/nginx/nginx.conf",
                "hostPath": "${project.build.directory}/marathon/nginx.conf",
                "mode": "RO"
            }
        ]
    }
}
